"","ID","Road_Crossings"
"1","Jonathan",3751
"2","Jonathan",3582
"3","Jonathan",3806
"4","Jonathan",3892
"5","Jonathan",3648
"6","Jonathan",3643
"7","Jonathan",3750
"8","Jonathan",3713
"9","Jonathan",3882
"10","Jonathan",3758
"11","Jonathan",3807
"12","Jonathan",3507
"13","Jonathan",3657
"14","Jonathan",3687
"15","Jonathan",3785
"16","Jonathan",3621
"17","Jonathan",3702
"18","Jonathan",3709
"19","Jonathan",3445
"20","Jonathan",3537
"21","Jonathan",3676
"22","Jonathan",3656
"23","Jonathan",3855
"24","Jonathan",3661
"25","Jonathan",3892
"26","Jonathan",3521
"27","Jonathan",3633
"28","Jonathan",3619
"29","Jonathan",3941
"30","Jonathan",3791
"31","Jonathan",3958
"32","Jonathan",3760
"33","Jonathan",3882
"34","Jonathan",3716
"35","Jonathan",3770
"36","Jonathan",3554
"37","Jonathan",3660
"38","Jonathan",3910
"39","Jonathan",3624
"40","Jonathan",3720
"41","Jonathan",3636
"42","Jonathan",3486
"43","Jonathan",3617
"44","Jonathan",3431
"45","Jonathan",3519
"46","Jonathan",3870
"47","Jonathan",3583
"48","Jonathan",3703
"49","Jonathan",3540
"50","Jonathan",3685
"51","Jonathan",3746
"52","Jonathan",3566
"53","Jonathan",3723
"54","Jonathan",3828
"55","Jonathan",3641
"56","Jonathan",3618
"57","Jonathan",3382
"58","Jonathan",3643
"59","Jonathan",3975
"60","Jonathan",3824
"61","Jonathan",3463
"62","Jonathan",3416
"63","Jonathan",3797
"64","Jonathan",3757
"65","Jonathan",3376
"66","Jonathan",3357
"67","Jonathan",3756
"68","Jonathan",3811
"69","Jonathan",3788
"70","Jonathan",3749
"71","Jonathan",3810
"72","Jonathan",3663
"73","Jonathan",3807
"74","Jonathan",3595
"75","Jonathan",3567
"76","Jonathan",3644
"77","Jonathan",3669
"78","Jonathan",3562
"79","Jonathan",3613
"80","Jonathan",3764
"81","Jonathan",3538
"82","Jonathan",3782
"83","Jonathan",3638
"84","Jonathan",3531
"85","Jonathan",3547
"86","Jonathan",3547
"87","Jonathan",3629
"88","Jonathan",3481
"89","Jonathan",3732
"90","Jonathan",3608
"91","Jonathan",3714
"92","Jonathan",3696
"93","Jonathan",3571
"94","Jonathan",3445
"95","Jonathan",3496
"96","Jonathan",3739
"97","Jonathan",3818
"98","Jonathan",3682
"99","Jonathan",3501
"100","Jonathan",3966
"101","Jonathan",3828
"102","Jonathan",3722
"103","Jonathan",3792
"104","Jonathan",3587
"105","Jonathan",3662
"106","Jonathan",3719
"107","Jonathan",3723
"108","Jonathan",3564
"109","Jonathan",3568
"110","Jonathan",3585
"111","Jonathan",3786
"112","Jonathan",3658
"113","Jonathan",3902
"114","Jonathan",3822
"115","Jonathan",3606
"116","Jonathan",3624
"117","Jonathan",3454
"118","Jonathan",3716
"119","Jonathan",3680
"120","Jonathan",3274
"121","Jonathan",3626
"122","Jonathan",3715
"123","Jonathan",3724
"124","Jonathan",3747
"125","Jonathan",3774
"126","Jonathan",3761
"127","Jonathan",3700
"128","Jonathan",3629
"129","Jonathan",3648
"130","Jonathan",3749
"131","Jonathan",3811
"132","Jonathan",3843
"133","Jonathan",3840
"134","Jonathan",3870
"135","Jonathan",3821
"136","Jonathan",3840
"137","Jonathan",3619
"138","Jonathan",3770
"139","Jonathan",3908
"140","Jonathan",3648
"141","Jonathan",3534
"142","Jonathan",3719
"143","Jonathan",3804
"144","Jonathan",3815
"145","Jonathan",3755
"146","Jonathan",3673
"147","Jonathan",3701
"148","Jonathan",3776
"149","Jonathan",3819
"150","Jonathan",3564
"151","Jonathan",3785
"152","Jonathan",3739
"153","Jonathan",3720
"154","Jonathan",3535
"155","Jonathan",3879
"156","Jonathan",3601
"157","Jonathan",3392
"158","Jonathan",3651
"159","Jonathan",3516
"160","Jonathan",3899
"161","Jonathan",3718
"162","Jonathan",3664
"163","Jonathan",3465
"164","Jonathan",3424
"165","Jonathan",3708
"166","Jonathan",3788
"167","Jonathan",3612
"168","Jonathan",3678
"169","Jonathan",3607
"170","Jonathan",3673
"171","Jonathan",3820
"172","Jonathan",3633
"173","Jonathan",3788
"174","Jonathan",3653
"175","Jonathan",3888
"176","Jonathan",3523
"177","Jonathan",3566
"178","Jonathan",3728
"179","Jonathan",3805
"180","Jonathan",3847
"181","Jonathan",3861
"182","Jonathan",4152
"183","Jonathan",3811
"184","Jonathan",3688
"185","Jonathan",3843
"186","Jonathan",3844
"187","Jonathan",3766
"188","Jonathan",3693
"189","Jonathan",3609
"190","Jonathan",3463
"191","Jonathan",3845
"192","Jonathan",3738
"193","Jonathan",3587
"194","Jonathan",3661
"195","Jonathan",3838
"196","Jonathan",3891
"197","Jonathan",3690
"198","Jonathan",3713
"199","Jonathan",3822
"200","Jonathan",3778
"201","Jonathan",3627
"202","Jonathan",3672
"203","Jonathan",3669
"204","Jonathan",3650
"205","Jonathan",3808
"206","Jonathan",3674
"207","Jonathan",3732
"208","Jonathan",3512
"209","Jonathan",3801
"210","Jonathan",3587
"211","Jonathan",3781
"212","Jonathan",3671
"213","Jonathan",3692
"214","Jonathan",3839
"215","Jonathan",3946
"216","Jonathan",3771
"217","Jonathan",3792
"218","Jonathan",3757
"219","Jonathan",3783
"220","Jonathan",3883
"221","Jonathan",3753
"222","Jonathan",3622
"223","Jonathan",3424
"224","Jonathan",3566
"225","Jonathan",3492
"226","Jonathan",3614
"227","Jonathan",3816
"228","Jonathan",3564
"229","Jonathan",3651
"230","Jonathan",3469
"231","Jonathan",3708
"232","Jonathan",3599
"233","Jonathan",3666
"234","Jonathan",3653
"235","Jonathan",3731
"236","Jonathan",4015
"237","Jonathan",3764
"238","Jonathan",3702
"239","Jonathan",3607
"240","Jonathan",3694
"241","Jonathan",3556
"242","Jonathan",3590
"243","Jonathan",3614
"244","Jonathan",3741
"245","Jonathan",3571
"246","Jonathan",3723
"247","Jonathan",3630
"248","Jonathan",3643
"249","Jonathan",3771
"250","Jonathan",3577
"251","Jonathan",3610
"252","Jonathan",3746
"253","Jonathan",3635
"254","Jonathan",3839
"255","Jonathan",3885
"256","Jonathan",3847
"257","Jonathan",3805
"258","Jonathan",3452
"259","Jonathan",3570
"260","Jonathan",3560
"261","Jonathan",3635
"262","Jonathan",3702
"263","Jonathan",3579
"264","Jonathan",3697
"265","Jonathan",3626
"266","Jonathan",3532
"267","Jonathan",3690
"268","Jonathan",3818
"269","Jonathan",3623
"270","Jonathan",3688
"271","Jonathan",3683
"272","Jonathan",3847
"273","Jonathan",3484
"274","Jonathan",3813
"275","Jonathan",3568
"276","Jonathan",3823
"277","Jonathan",3502
"278","Jonathan",3740
"279","Jonathan",3707
"280","Jonathan",3821
"281","Jonathan",3861
"282","Jonathan",3706
"283","Jonathan",3677
"284","Jonathan",3733
"285","Jonathan",3857
"286","Jonathan",3648
"287","Jonathan",3779
"288","Jonathan",3791
"289","Jonathan",3650
"290","Jonathan",3647
"291","Jonathan",3719
"292","Jonathan",3652
"293","Jonathan",3552
"294","Jonathan",3743
"295","Jonathan",3613
"296","Jonathan",3587
"297","Jonathan",3842
"298","Jonathan",3456
"299","Jonathan",3547
"300","Jonathan",3760
"301","Jonathan",3575
"302","Jonathan",3597
"303","Jonathan",3705
"304","Jonathan",3818
"305","Jonathan",3760
"306","Jonathan",3559
"307","Jonathan",3756
"308","Jonathan",3806
"309","Jonathan",3526
"310","Jonathan",3985
"311","Jonathan",3617
"312","Jonathan",3658
"313","Jonathan",3647
"314","Jonathan",3574
"315","Jonathan",3854
"316","Jonathan",3754
"317","Jonathan",3583
"318","Jonathan",3555
"319","Jonathan",3587
"320","Jonathan",3825
"321","Jonathan",3746
"322","Jonathan",3670
"323","Jonathan",3727
"324","Jonathan",3666
"325","Jonathan",3733
"326","Jonathan",3649
"327","Jonathan",3929
"328","Jonathan",3893
"329","Jonathan",3743
"330","Jonathan",4062
"331","Jonathan",3918
"332","Jonathan",4020
"333","Jonathan",3861
"334","Jonathan",3708
"335","Jonathan",3548
"336","Jonathan",3731
"337","Jonathan",3579
"338","Jonathan",3688
"339","Jonathan",3657
"340","Jonathan",3564
"341","Jonathan",3573
"342","Jonathan",3521
"343","Jonathan",3422
"344","Jonathan",3772
"345","Jonathan",3744
"346","Jonathan",3883
"347","Jonathan",3700
"348","Jonathan",3658
"349","Jonathan",3740
"350","Jonathan",3537
"351","Jonathan",3863
"352","Jonathan",3693
"353","Jonathan",4014
"354","Jonathan",3450
"355","Jonathan",3659
"356","Jonathan",3593
"357","Jonathan",3859
"358","Jonathan",3715
"359","Jonathan",3551
"360","Jonathan",3680
"361","Jonathan",3727
"362","Jonathan",3788
"363","Jonathan",3653
"364","Jonathan",3496
"365","Jonathan",3917
"366","Jonathan",3407
"367","Jonathan",3580
"368","Jonathan",3649
"369","Jonathan",3717
"370","Jonathan",3687
"371","Jonathan",3691
"372","Jonathan",3499
"373","Jonathan",3657
"374","Jonathan",3691
"375","Jonathan",3899
"376","Jonathan",3409
"377","Jonathan",3742
"378","Jonathan",3575
"379","Jonathan",3642
"380","Jonathan",3586
"381","Jonathan",3986
"382","Jonathan",3471
"383","Jonathan",3561
"384","Jonathan",3855
"385","Jonathan",3698
"386","Jonathan",3600
"387","Jonathan",3660
"388","Jonathan",3722
"389","Jonathan",3648
"390","Jonathan",3690
"391","Jonathan",3748
"392","Jonathan",3558
"393","Jonathan",3558
"394","Jonathan",3791
"395","Jonathan",3752
"396","Jonathan",3866
"397","Jonathan",3823
"398","Jonathan",3526
"399","Jonathan",3718
"400","Jonathan",3735
"401","Jonathan",3598
"402","Jonathan",3886
"403","Jonathan",3698
"404","Jonathan",3782
"405","Jonathan",3747
"406","Jonathan",3780
"407","Jonathan",3605
"408","Jonathan",3575
"409","Jonathan",3656
"410","Jonathan",3633
"411","Jonathan",3519
"412","Jonathan",3779
"413","Jonathan",3702
"414","Jonathan",3696
"415","Jonathan",3649
"416","Jonathan",3848
"417","Jonathan",3772
"418","Jonathan",3735
"419","Jonathan",3699
"420","Jonathan",3631
"421","Jonathan",3543
"422","Jonathan",3665
"423","Jonathan",3782
"424","Jonathan",3556
"425","Jonathan",3713
"426","Jonathan",3755
"427","Jonathan",3468
"428","Jonathan",3700
"429","Jonathan",3639
"430","Jonathan",3759
"431","Jonathan",3649
"432","Jonathan",3886
"433","Jonathan",3558
"434","Jonathan",3556
"435","Jonathan",3815
"436","Jonathan",3568
"437","Jonathan",3716
"438","Jonathan",3622
"439","Jonathan",3502
"440","Jonathan",3442
"441","Jonathan",3630
"442","Jonathan",3590
"443","Jonathan",3509
"444","Jonathan",3605
"445","Jonathan",3490
"446","Jonathan",3794
"447","Jonathan",3637
"448","Jonathan",3523
"449","Jonathan",3801
"450","Jonathan",3695
"451","Jonathan",3505
"452","Jonathan",3625
"453","Jonathan",3806
"454","Jonathan",3643
"455","Jonathan",3705
"456","Jonathan",3693
"457","Jonathan",3631
"458","Jonathan",3741
"459","Jonathan",3904
"460","Jonathan",3596
"461","Jonathan",3897
"462","Jonathan",3671
"463","Jonathan",3773
"464","Jonathan",3703
"465","Jonathan",3619
"466","Jonathan",3538
"467","Jonathan",3556
"468","Jonathan",3525
"469","Jonathan",3508
"470","Jonathan",3751
"471","Jonathan",3491
"472","Jonathan",3794
"473","Jonathan",3520
"474","Jonathan",4001
"475","Jonathan",3873
"476","Jonathan",3606
"477","Jonathan",3643
"478","Jonathan",3625
"479","Jonathan",3813
"480","Jonathan",3748
"481","Jonathan",3812
"482","Jonathan",3741
"483","Jonathan",3547
"484","Jonathan",3670
"485","Jonathan",3720
"486","Jonathan",3652
"487","Jonathan",3680
"488","Jonathan",3452
"489","Jonathan",3535
"490","Jonathan",3700
"491","Jonathan",3657
"492","Jonathan",3676
"493","Jonathan",3913
"494","Jonathan",3558
"495","Jonathan",3623
"496","Jonathan",3585
"497","Jonathan",3562
"498","Jonathan",3622
"499","Jonathan",3676
"500","Jonathan",3488
"501","Jonathan",3697
"502","Jonathan",3787
"503","Jonathan",3761
"504","Jonathan",3884
"505","Jonathan",3764
"506","Jonathan",3849
"507","Jonathan",3565
"508","Jonathan",3853
"509","Jonathan",3561
"510","Jonathan",3764
"511","Jonathan",3503
"512","Jonathan",3591
"513","Jonathan",3655
"514","Jonathan",3692
"515","Jonathan",3588
"516","Jonathan",3875
"517","Jonathan",3836
"518","Jonathan",3661
"519","Jonathan",3752
"520","Jonathan",3721
"521","Jonathan",3661
"522","Jonathan",3647
"523","Jonathan",3663
"524","Jonathan",3807
"525","Jonathan",3698
"526","Jonathan",3727
"527","Jonathan",3697
"528","Jonathan",3606
"529","Jonathan",3668
"530","Jonathan",3813
"531","Jonathan",3988
"532","Jonathan",3653
"533","Jonathan",3712
"534","Jonathan",3510
"535","Jonathan",3907
"536","Jonathan",3575
"537","Jonathan",3823
"538","Jonathan",3717
"539","Jonathan",3469
"540","Jonathan",3694
"541","Jonathan",3789
"542","Jonathan",3461
"543","Jonathan",3755
"544","Jonathan",3849
"545","Jonathan",3810
"546","Jonathan",3588
"547","Jonathan",3751
"548","Jonathan",3619
"549","Jonathan",3746
"550","Jonathan",3476
"551","Jonathan",3926
"552","Jonathan",3790
"553","Jonathan",3751
"554","Jonathan",3692
"555","Jonathan",3692
"556","Jonathan",3605
"557","Jonathan",3571
"558","Jonathan",3712
"559","Jonathan",3661
"560","Jonathan",3534
"561","Jonathan",3612
"562","Jonathan",3797
"563","Jonathan",3544
"564","Jonathan",3911
"565","Jonathan",3641
"566","Jonathan",3543
"567","Jonathan",3789
"568","Jonathan",3444
"569","Jonathan",3743
"570","Jonathan",3501
"571","Jonathan",3750
"572","Jonathan",3691
"573","Jonathan",3839
"574","Jonathan",3793
"575","Jonathan",3579
"576","Jonathan",3411
"577","Jonathan",3852
"578","Jonathan",3654
"579","Jonathan",3596
"580","Jonathan",3678
"581","Jonathan",3562
"582","Jonathan",3777
"583","Jonathan",3832
"584","Jonathan",3704
"585","Jonathan",3850
"586","Jonathan",3635
"587","Jonathan",3551
"588","Jonathan",3607
"589","Jonathan",3934
"590","Jonathan",3773
"591","Jonathan",3652
"592","Jonathan",3465
"593","Jonathan",3684
"594","Jonathan",3636
"595","Jonathan",3582
"596","Jonathan",3584
"597","Jonathan",3694
"598","Jonathan",3711
"599","Jonathan",3610
"600","Jonathan",3548
"601","Jonathan",3623
"602","Jonathan",3759
"603","Jonathan",3712
"604","Jonathan",3868
"605","Jonathan",3619
"606","Jonathan",3691
"607","Jonathan",3642
"608","Jonathan",3990
"609","Jonathan",3870
"610","Jonathan",3700
"611","Jonathan",3625
"612","Jonathan",3632
"613","Jonathan",3488
"614","Jonathan",3671
"615","Jonathan",3590
"616","Jonathan",3961
"617","Jonathan",3664
"618","Jonathan",3648
"619","Jonathan",3657
"620","Jonathan",3466
"621","Jonathan",3701
"622","Jonathan",3778
"623","Jonathan",3619
"624","Jonathan",3540
"625","Jonathan",3669
"626","Jonathan",3811
"627","Jonathan",3769
"628","Jonathan",3689
"629","Jonathan",3641
"630","Jonathan",3900
"631","Jonathan",3584
"632","Jonathan",3732
"633","Jonathan",3712
"634","Jonathan",3506
"635","Jonathan",3680
"636","Jonathan",3454
"637","Jonathan",3638
"638","Jonathan",3607
"639","Jonathan",3595
"640","Jonathan",3866
"641","Jonathan",3783
"642","Jonathan",3919
"643","Jonathan",3780
"644","Jonathan",3633
"645","Jonathan",3729
"646","Jonathan",3655
"647","Jonathan",3684
"648","Jonathan",3724
"649","Jonathan",3669
"650","Jonathan",3897
"651","Jonathan",3477
"652","Jonathan",3726
"653","Jonathan",3884
"654","Jonathan",3784
"655","Jonathan",3653
"656","Jonathan",3659
"657","Jonathan",3495
"658","Jonathan",3823
"659","Jonathan",3694
"660","Jonathan",3639
"661","Jonathan",3487
"662","Jonathan",3519
"663","Jonathan",3573
"664","Jonathan",3498
"665","Jonathan",3626
"666","Jonathan",3625
"667","Jonathan",3541
"668","Jonathan",3900
"669","Jonathan",3767
"670","Jonathan",3574
"671","Jonathan",3724
"672","Jonathan",3932
"673","Jonathan",3453
"674","Jonathan",3518
"675","Jonathan",4037
"676","Jonathan",3841
"677","Jonathan",3671
"678","Jonathan",3922
"679","Jonathan",3635
"680","Jonathan",3528
"681","Jonathan",3899
"682","Jonathan",3773
"683","Jonathan",3717
"684","Jonathan",3630
"685","Jonathan",3713
"686","Jonathan",3609
"687","Jonathan",3810
"688","Jonathan",3657
"689","Jonathan",3604
"690","Jonathan",3669
"691","Jonathan",3769
"692","Jonathan",3697
"693","Jonathan",3765
"694","Jonathan",4070
"695","Jonathan",3715
"696","Jonathan",3635
"697","Jonathan",3627
"698","Jonathan",3877
"699","Jonathan",3717
"700","Jonathan",3836
"701","Jonathan",3728
"702","Jonathan",3669
"703","Jonathan",3661
"704","Jonathan",3879
"705","Jonathan",3564
"706","Jonathan",3541
"707","Jonathan",3566
"708","Jonathan",3740
"709","Jonathan",3542
"710","Jonathan",3492
"711","Jonathan",3518
"712","Jonathan",3555
"713","Jonathan",3373
"714","Jonathan",3685
"715","Jonathan",3801
"716","Jonathan",3706
"717","Jonathan",3561
"718","Jonathan",3819
"719","Jonathan",3717
"720","Jonathan",3477
"721","Jonathan",3655
"722","Jonathan",3885
"723","Jonathan",3752
"724","Jonathan",3687
"725","Jonathan",3802
"726","Jonathan",3672
"727","Jonathan",3740
"728","Jonathan",3703
"729","Jonathan",3729
"730","Jonathan",3659
"731","Jonathan",3813
"732","Jonathan",3703
"733","Jonathan",3721
"734","Jonathan",3828
"735","Jonathan",3659
"736","Jonathan",3562
"737","Jonathan",3716
"738","Jonathan",3700
"739","Jonathan",3741
"740","Jonathan",3659
"741","Jonathan",3740
"742","Jonathan",3718
"743","Jonathan",3556
"744","Jonathan",4030
"745","Jonathan",3704
"746","Jonathan",3560
"747","Jonathan",3528
"748","Jonathan",3977
"749","Jonathan",3853
"750","Jonathan",3582
"751","Jonathan",3804
"752","Jonathan",3720
"753","Jonathan",3678
"754","Jonathan",3602
"755","Jonathan",3552
"756","Jonathan",3684
"757","Jonathan",4022
"758","Jonathan",3594
"759","Jonathan",3700
"760","Jonathan",3464
"761","Jonathan",3895
"762","Jonathan",3775
"763","Jonathan",3965
"764","Jonathan",3825
"765","Jonathan",3878
"766","Jonathan",3575
"767","Jonathan",3709
"768","Jonathan",3665
"769","Jonathan",3710
"770","Jonathan",3570
"771","Jonathan",3722
"772","Jonathan",3624
"773","Jonathan",3713
"774","Jonathan",3673
"775","Jonathan",3718
"776","Jonathan",3504
"777","Jonathan",3811
"778","Jonathan",3823
"779","Jonathan",3785
"780","Jonathan",3825
"781","Jonathan",3686
"782","Jonathan",3473
"783","Jonathan",3822
"784","Jonathan",3787
"785","Jonathan",3582
"786","Jonathan",3650
"787","Jonathan",3831
"788","Jonathan",3788
"789","Jonathan",3713
"790","Jonathan",3933
"791","Jonathan",3782
"792","Jonathan",3711
"793","Jonathan",3960
"794","Jonathan",3590
"795","Jonathan",3506
"796","Jonathan",3573
"797","Jonathan",3662
"798","Jonathan",3617
"799","Jonathan",3749
"800","Jonathan",3790
"801","Jonathan",3762
"802","Jonathan",3844
"803","Jonathan",3709
"804","Jonathan",3888
"805","Jonathan",3604
"806","Jonathan",3748
"807","Jonathan",3649
"808","Jonathan",3812
"809","Jonathan",3904
"810","Jonathan",3658
"811","Jonathan",3686
"812","Jonathan",3719
"813","Jonathan",3561
"814","Jonathan",3589
"815","Jonathan",3885
"816","Jonathan",3802
"817","Jonathan",3770
"818","Jonathan",3663
"819","Jonathan",3612
"820","Jonathan",3490
"821","Jonathan",3394
"822","Jonathan",3771
"823","Jonathan",3615
"824","Jonathan",3574
"825","Jonathan",3821
"826","Jonathan",3328
"827","Jonathan",3768
"828","Jonathan",3781
"829","Jonathan",3763
"830","Jonathan",3620
"831","Jonathan",3966
"832","Jonathan",3771
"833","Jonathan",3608
"834","Jonathan",3800
"835","Jonathan",3949
"836","Jonathan",3709
"837","Jonathan",3684
"838","Jonathan",3894
"839","Jonathan",3832
"840","Jonathan",3854
"841","Jonathan",3854
"842","Jonathan",3807
"843","Jonathan",3832
"844","Jonathan",3648
"845","Jonathan",3704
"846","Jonathan",3657
"847","Jonathan",3700
"848","Jonathan",3557
"849","Jonathan",3786
"850","Jonathan",3652
"851","Jonathan",3897
"852","Jonathan",3803
"853","Jonathan",3805
"854","Jonathan",3750
"855","Jonathan",3525
"856","Jonathan",3725
"857","Jonathan",3810
"858","Jonathan",4022
"859","Jonathan",3803
"860","Jonathan",3768
"861","Jonathan",3634
"862","Jonathan",4026
"863","Jonathan",3873
"864","Jonathan",3420
"865","Jonathan",3818
"866","Jonathan",3551
"867","Jonathan",3534
"868","Jonathan",3786
"869","Jonathan",3602
"870","Jonathan",3716
"871","Jonathan",3647
"872","Jonathan",3912
"873","Jonathan",3581
"874","Jonathan",3718
"875","Jonathan",3673
"876","Jonathan",3746
"877","Jonathan",3539
"878","Jonathan",3583
"879","Jonathan",3582
"880","Jonathan",3845
"881","Jonathan",3639
"882","Jonathan",3742
"883","Jonathan",3693
"884","Jonathan",3626
"885","Jonathan",3786
"886","Jonathan",3472
"887","Jonathan",3634
"888","Jonathan",3643
"889","Jonathan",3644
"890","Jonathan",3524
"891","Jonathan",3623
"892","Jonathan",3854
"893","Jonathan",3781
"894","Jonathan",3366
"895","Jonathan",3588
"896","Jonathan",3702
"897","Jonathan",3593
"898","Jonathan",3706
"899","Jonathan",3907
"900","Jonathan",3885
"901","Jonathan",3716
"902","Jonathan",3832
"903","Jonathan",3622
"904","Jonathan",3778
"905","Jonathan",3644
"906","Jonathan",3920
"907","Jonathan",3718
"908","Jonathan",3671
"909","Jonathan",3625
"910","Jonathan",3859
"911","Jonathan",3702
"912","Jonathan",3691
"913","Jonathan",3710
"914","Jonathan",3897
"915","Jonathan",3867
"916","Jonathan",3490
"917","Jonathan",3681
"918","Jonathan",3600
"919","Jonathan",3597
"920","Jonathan",3671
"921","Jonathan",3624
"922","Jonathan",3700
"923","Jonathan",3825
"924","Jonathan",3906
"925","Jonathan",3684
"926","Jonathan",3605
"927","Jonathan",3565
"928","Jonathan",3628
"929","Jonathan",3616
"930","Jonathan",3799
"931","Jonathan",3755
"932","Jonathan",3711
"933","Jonathan",3578
"934","Jonathan",3694
"935","Jonathan",3727
"936","Jonathan",3920
"937","Jonathan",3796
"938","Jonathan",3739
"939","Jonathan",3545
"940","Jonathan",3901
"941","Jonathan",3579
"942","Jonathan",3455
"943","Jonathan",3800
"944","Jonathan",3781
"945","Jonathan",3493
"946","Jonathan",3576
"947","Jonathan",3775
"948","Jonathan",3776
"949","Jonathan",3595
"950","Jonathan",3898
"951","Jonathan",3397
"952","Jonathan",3655
"953","Jonathan",3545
"954","Jonathan",3795
"955","Jonathan",3704
"956","Jonathan",3602
"957","Jonathan",3670
"958","Jonathan",3568
"959","Jonathan",3599
"960","Jonathan",3568
"961","Jonathan",3736
"962","Jonathan",3560
"963","Jonathan",3611
"964","Jonathan",3962
"965","Jonathan",3511
"966","Jonathan",3675
"967","Jonathan",3878
"968","Jonathan",3505
"969","Jonathan",3785
"970","Jonathan",3787
"971","Jonathan",3766
"972","Jonathan",3712
"973","Jonathan",3597
"974","Jonathan",3808
"975","Jonathan",3783
"976","Jonathan",3751
"977","Jonathan",3684
"978","Jonathan",3613
"979","Jonathan",3748
"980","Jonathan",3743
"981","Jonathan",3847
"982","Jonathan",3405
"983","Jonathan",3659
"984","Jonathan",3561
"985","Jonathan",3367
"986","Jonathan",3645
"987","Jonathan",3574
"988","Jonathan",3811
"989","Jonathan",3461
"990","Jonathan",3682
"991","Jonathan",3674
"992","Jonathan",3646
"993","Jonathan",3766
"994","Jonathan",3665
"995","Jonathan",3589
"996","Jonathan",3531
"997","Jonathan",3899
"998","Jonathan",3969
"999","Jonathan",3707
"1000","Jonathan",3701
